"name","dbpedia_uri","postal_code","fips_code","alt_label","alt_label","alt_label","alt_label","category"
"Alabama","http://dbpedia.org/resource/Alabama","AL","01","al","alabama","ALABAMA","","State"
"Alaska","http://dbpedia.org/resource/Alaska","AK","02","ak","alaska","ALASKA","","State"
"Arizona","http://dbpedia.org/resource/Arizona","AZ","04","az","arizona","ARIZONA","","State"
"Arkansas","http://dbpedia.org/resource/Arkansas","AR","05","ar","arkansas","ARKANSAS","","State"
"California","http://dbpedia.org/resource/California","CA","06","ca","california","CALIFORNIA","","State"
"Colorado","http://dbpedia.org/resource/Colorado","CO","08","co","colorado","COLORADO","","State"
"Connecticut","http://dbpedia.org/resource/Connecticut","CT","09","ct","connecticut","CONNECTICUT","","State"
"Delaware","http://dbpedia.org/resource/Delaware","DE","10","de","delaware","DELAWARE","","State"
"Florida","http://dbpedia.org/resource/Florida","FL","12","fl","florida","FLORIDA","","State"
"Georgia","http://dbpedia.org/resource/Georgia_%28U.S._state%29","GA","13","ga","georgia","GEORGIA","","State"
"Hawaii","http://dbpedia.org/resource/Hawaii","HI","15","hi","hawaii","HAWAII","","State"
"Idaho","http://dbpedia.org/resource/Idaho","ID","16","id","idaho","IDAHO","","State"
"Illinois","http://dbpedia.org/resource/Illinois","IL","17","il","illinois","ILLINOIS","","State"
"Indiana","http://dbpedia.org/resource/Indiana","IN","18","in","indiana","INDIANA","","State"
"Iowa","http://dbpedia.org/resource/Iowa","IA","19","ia","iowa","IOWA","","State"
"Kansas","http://dbpedia.org/resource/Kansas","KS","20","ks","kansas","KANSAS","","State"
"Kentucky","http://dbpedia.org/resource/Kentucky","KY","21","ky","kentucky","KENTUCKY","","State"
"Louisiana","http://dbpedia.org/resource/Louisiana","LA","22","la","louisiana","LOUISIANA","","State"
"Maine","http://dbpedia.org/resource/Maine","ME","23","me","maine","MAINE","","State"
"Maryland","http://dbpedia.org/resource/Maryland","MD","24","md","maryland","MARYLAND","","State"
"Massachusetts","http://dbpedia.org/resource/Massachusetts","MA","25","ma","massachusetts","MASSACHUSETTS","","State"
"Michigan","http://dbpedia.org/resource/Michigan","MI","26","mi","michigan","MICHIGAN","","State"
"Minnesota","http://dbpedia.org/resource/Minnesota","MN","27","mn","minnesota","MINNESOTA","","State"
"Mississippi","http://dbpedia.org/resource/Mississippi","MS","28","ms","mississippi","MISSISSIPPI","","State"
"Missouri","http://dbpedia.org/resource/Missouri","MO","29","mo","missouri","MISSOURI","","State"
"Montana","http://dbpedia.org/resource/Montana","MT","30","mt","montana","MONTANA","","State"
"Nebraska","http://dbpedia.org/resource/Nebraska","NE","31","ne","nebraska","NEBRASKA","","State"
"Nevada","http://dbpedia.org/resource/Nevada","NV","32","nv","nevada","NEVADA","","State"
"New Hampshire","http://dbpedia.org/resource/New_Hampshire","NH","33","nh","new hampshire","NEW HAMPSHIRE","","State"
"New Jersey","http://dbpedia.org/resource/New_Jersey","NJ","34","nj","new jersey","NEW JERSEY","","State"
"New Mexico","http://dbpedia.org/resource/New_Mexico","NM","35","nm","new mexico","NEW MEXICO","","State"
"New York","http://dbpedia.org/resource/New_York","NY","36","ny","new york","NEW YORK","","State"
"North Carolina","http://dbpedia.org/resource/North_Carolina","NC","37","nc","north carolina","NORTH CAROLINA","","State"
"North Dakota","http://dbpedia.org/resource/North_Dakota","ND","38","nd","north dakota","NORTH DAKOTA","","State"
"Ohio","http://dbpedia.org/resource/Ohio","OH","39","oh","ohio","OHIO","","State"
"Oklahoma","http://dbpedia.org/resource/Oklahoma","OK","40","ok","oklahoma","OKLAHOMA","","State"
"Oregon","http://dbpedia.org/resource/Oregon","OR","41","or","oregon","OREGON","","State"
"Pennsylvania","http://dbpedia.org/resource/Pennsylvania","PA","42","pa","pennsylvania","PENNSYLVANIA","","State"
"Rhode Island","http://dbpedia.org/resource/Rhode_Island","RI","44","ri","rhode island","RHODE ISLAND","","State"
"South Carolina","http://dbpedia.org/resource/South_Carolina","SC","45","sc","south carolina","SOUTH CAROLINA","","State"
"South Dakota","http://dbpedia.org/resource/South_Dakota","SD","46","sd","south dakota","SOUTH DAKOTA","","State"
"Tennessee","http://dbpedia.org/resource/Tennessee","TN","47","tn","tennessee","TENNESSEE","","State"
"Texas","http://dbpedia.org/resource/Texas","TX","48","tx","texas","TEXAS","","State"
"Utah","http://dbpedia.org/resource/Utah","UT","49","ut","utah","UTAH","","State"
"Vermont","http://dbpedia.org/resource/Vermont","VT","50","vt","vermont","VERMONT","","State"
"Virginia","http://dbpedia.org/resource/Virginia","VA","51","va","virginia","VIRGINIA","","State"
"Washington","http://dbpedia.org/resource/Washington_%28U.S._state%29","WA","53","wa","washington","WASHINGTON","","State"
"West Virginia","http://dbpedia.org/resource/West_Virginia","WV","54","wv","west virginia","WEST VIRGINIA","","State"
"Wisconsin","http://dbpedia.org/resource/Wisconsin","WI","55","wi","wisconsin","WISCONSIN","","State"
"Wyoming","http://dbpedia.org/resource/Wyoming","WY","56","wy","wyoming","WYOMING","","State"
"American Samoa","http://dbpedia.org/resource/American_Samoa","AS","60","as","american samoa","AMERICAN SAMOA","","Territory"
"Guam","http://dbpedia.org/resource/Guam","GU","66","gu","guam","GUAM","","Territory"
"Northern Mariana Islands","http://dbpedia.org/resource/Northern_Mariana_Islands","MP","69","mp","northern mariana islands","NORTHERN MARIANA ISLANDS","","Territory"
"Puerto Rico","http://dbpedia.org/resource/Puerto_Rico","PR","72","pr","puerto rico","PUERTO RICO","","Territory"
"Virgin Islands","http://dbpedia.org/resource/Virgin_Islands","VI","78","vi","virgin islands","VIRGIN ISLANDS","","Territory"
"Washington, D.C.","http://dbpedia.org/resource/Washington,_D.C.","DC","11","dc","washington, d.c.","WASHINGTON, D.C.","District of Columbia","District"
